{
    "rmse": 0.6950427551344869,
    "mae": 0.5429197061754328,
    "r2": 0.2368032995537923
}