{
    "rmse": 0.6937858634333527,
    "mae": 0.5405332201763025,
    "r2": 0.27177453867398493
}